"5","T","710010172","","","","","","","","","15871.00","","","","","","","","","","","","","","","","20260901","","","","","","","","","",""
"5","T","710010173","","","","","","","","","16036.00","","","","","","","","","","","","","","","","20260901","","","","","","","","","",""
"5","T","710010174","","","","","","","","","16040.00","","","","","","","","","","","","","","","","20260901","","","","","","","","","",""
"5","T","710010175","","","","","","","","","15507.00","","","","","","","","","","","","","","","","20260901","","","","","","","","","",""
"5","T","710010176","","","","","","","","","5232.00","","","","","","","","","","","","","","","","20260901","","","","","","","","","",""
"5","T","710010180","","","","","","","","","7770.00","","","","","","","","","","","","","","","","20260901","","","","","","","","","",""
"5","T","710010181","","","","","","","","","296.00","","","","","","","","","","","","","","","","20260901","","","","","","","","","",""
"5","T","710010182","","","","","","","","","383.00","","","","","","","","","","","","","","","","20260901","","","","","","","","","",""
"5","T","710010183","","","","","","","","","335.00","","","","","","","","","","","","","","","","20260901","","","","","","","","","",""
"5","T","710010269","19","血管内光断層撮影用カテーテル（標準型）","","","","","","","","","","","","","","1","","","","","","","","","20260901","","","","","","","","","血管内光断層撮影用カテーテル・標準型",""
"5","T","710010658","15","植込型除細動器（５型・標準型）","","","","","","","","","","","","","","1","","","","","","","","","20260901","","","","","","","","","植込型除細動器・植込型除細動器（５型）・標準型",""
"5","T","710010745","26","経カテーテル人工生体弁セット（バルーン拡張・標準型）","","","","","","","","","","","","","","1","","","","","","","","","20260901","","","","","","","","","経カテーテル人工生体弁セット・バルーン拡張型人工生体弁セット・標準型",""
"5","T","724390000","14","微線維性コラーゲン（標準型）","","","","","","","","","","","","","","1","","","","","","","","","20260901","","","","","","","","","微線維性コラーゲン・標準型",""
"5","T","729880000","26","経カテーテル人工生体弁セット（バルーン拡張・特殊型）","","","","","","","4730000.00","","","","","","","1","","","","","","","","","20260901","","","","","","","","","経カテーテル人工生体弁セット・バルーン拡張型人工生体弁セット・特殊型",""
"5","T","733690000","26","胆道ステントセット（自動・永久（標準型）・カバー有）","","","","","","","","","","","","","","1","","","","","","","","","20260901","","","","","","","","","胆道ステントセット・自動装着システム付・永久留置型（標準型）・カバーあり",""
"5","T","733700000","26","胆道ステントセット（自動・永久（標準型）・カバー無）","","","","","","","","","","","","","","1","","","","","","","","","20260901","","","","","","","","","胆道ステントセット・自動装着システム付・永久留置型（標準型）・カバーなし",""
"3","T","750110038","19","デンプン由来吸収性局所止血材（標準型）","20","ﾃﾞﾝﾌﾟﾝﾕﾗｲｷｭｳｼｭｳｾｲｷｮｸ","33","1","ｇ","1","12600.00","0","0","00","00","0","0","0","0","0","0","0","0","","64050","0","20260901","00000000","99999999","1","17","0","","","","デンプン由来吸収性局所止血材・標準型","000"
"3","T","750110039","19","デンプン由来吸収性局所止血材（織布型）","20","ﾃﾞﾝﾌﾟﾝﾕﾗｲｷｭｳｼｭｳｾｲｷｮｸ","41","3","ｃｍ２","1","48.00","0","0","00","00","0","0","0","0","0","0","0","0","","64100","0","20260901","00000000","99999999","1","17","0","","","","デンプン由来吸収性局所止血材・織布型","000"
"3","T","750110040","29","胆道ステントセット（自動・永久（分岐部対応型）・カバー有）","12","ﾀﾝﾄﾞｳｽﾃﾝﾄｾｯﾄ","0","0","","1","345000.00","0","0","00","00","0","0","0","0","0","0","0","0","","194050","0","20260901","00000000","99999999","2","34","0","","","","胆道ステントセット・自動装着システム付・永久留置型（分岐部対応型）・カバーあり","000"
"3","T","750110041","29","胆道ステントセット（自動・永久（分岐部対応型）・カバー無）","12","ﾀﾝﾄﾞｳｽﾃﾝﾄｾｯﾄ","0","0","","1","340000.00","0","0","00","00","0","0","0","0","0","0","0","0","","194100","0","20260901","00000000","99999999","2","34","0","","","","胆道ステントセット・自動装着システム付・永久留置型（分岐部対応型）・カバーなし","000"
"3","T","750110042","27","微線維性コラーゲン（フロアブル型（トロンビン非含有））","13","ﾋﾞｾﾝｲｾｲｺﾗｰｹﾞﾝ","0","0","","1","48700.00","0","0","00","00","0","0","0","0","0","0","0","0","","569050","0","20260901","00000000","99999999","2","106","0","","","","微線維性コラーゲン・フロアブル型（トロンビン非含有）","000"
"3","T","750110043","27","植込型除細動器（３型・内因性抗頻拍ペーシング機能付き）","16","ｳｴｺﾐｶﾞﾀｼﾞｮｻｲﾄﾞｳｷ","0","0","","1","2720000.00","0","0","00","00","0","0","0","0","0","0","0","0","","623050","0","20260901","00000000","99999999","2","117","0","","","","植込型除細動器・植込型除細動器（３型）・内因性抗頻拍ペーシング機能付き","000"
"3","T","750110044","27","植込型除細動器（５型・内因性抗頻拍ペーシング機能付き）","16","ｳｴｺﾐｶﾞﾀｼﾞｮｻｲﾄﾞｳｷ","0","0","","1","2800000.00","0","0","00","00","0","0","0","0","0","0","0","0","","624050","0","20260901","00000000","99999999","2","117","0","","","","植込型除細動器・植込型除細動器（５型）・内因性抗頻拍ペーシング機能付き","000"
"3","T","750110045","32","両室ペーシング機能付き植込型除細動器（単又は双極・内因性抗頻拍）","20","ﾘｮｳｼﾂﾍﾟｰｼﾝｸﾞｷﾉｳﾂｷｳｴｺ","0","0","","1","4550000.00","0","0","00","00","0","0","0","0","0","0","0","0","","854050","0","20260901","00000000","99999999","2","144","0","","","","両室ペーシング機能付き植込型除細動器・単極又は双極用・内因性抗頻拍ペーシング機能付き","000"
"3","T","750110046","30","両室ペーシング機能付き植込型除細動器（４極用・内因性抗頻拍）","20","ﾘｮｳｼﾂﾍﾟｰｼﾝｸﾞｷﾉｳﾂｷｳｴｺ","0","0","","1","4960000.00","0","0","00","00","0","0","0","0","0","0","0","0","","858050","0","20260901","00000000","99999999","2","144","0","","","","両室ペーシング機能付き植込型除細動器・４極用・内因性抗頻拍ペーシング機能付き","000"
"3","T","750110047","29","血管内光断層撮影用カテーテル（血管内超音波プローブ一体型）","20","ｹｯｶﾝﾅｲﾋｶﾘﾀﾞﾝｿｳｻﾂｴｲﾖｳ","0","0","","1","132000.00","0","0","00","00","0","0","0","0","0","0","0","0","","882050","0","20260901","00000000","99999999","2","149","0","","","","血管内光断層撮影用カテーテル・血管内超音波プローブ一体型","000"
"3","T","750110048","31","経カテーテル人工生体弁セット（バルーン拡張・特殊型）・指定番号","19","ｹｲｶﾃｰﾃﾙｼﾞﾝｺｳｾｲﾀｲﾍﾞﾝ","0","0","","1","4940000.00","0","0","00","00","0","0","0","0","0","0","0","0","","945050","0","20260901","20280531","99999999","2","182","0","","","","経カテーテル人工生体弁セット・バルーン拡張型人工生体弁セット・特殊型・指定承認番号２２８００ＢＺＸ０００９４０００","000"
"3","T","750110049","10","吸収性食道用ステント","20","ｷｭｳｼｭｳｾｲｼｮｸﾄﾞｳﾖｳｽﾃﾝﾄ","0","0","","1","261000.00","0","0","00","00","0","0","0","0","0","0","0","0","","1026300","0","20260901","00000000","99999999","2","245","0","","","","吸収性食道用ステント","000"
"3","T","750110050","16","ヒトｉＰＳ細胞由来心筋細胞シート","20","ﾋﾄiPSｻｲﾎﾞｳﾕﾗｲｼﾝｷﾝｻｲﾎ","0","0","","1","53200000.00","0","0","00","00","0","0","0","0","0","0","0","0","","1026350","0","20260901","00000000","99999999","2","246","0","","","","ヒトｉＰＳ細胞由来心筋細胞シート","000"
"3","T","750110051","25","除細動機能付き体外式ペースメーカ用心臓植込ワイヤー","20","ｼﾞｮｻｲﾄﾞｳｷﾉｳﾂｷﾀｲｶﾞｲｼｷ","0","0","","1","79600.00","0","0","00","00","0","0","0","0","0","0","0","0","","1026400","0","20260901","00000000","99999999","2","247","0","","","","除細動機能付き体外式ペースメーカ用心臓植込ワイヤー","000"
"3","T","750110052","19","デンプン由来吸収性局所止血材（標準型）","20","ﾃﾞﾝﾌﾟﾝﾕﾗｲｷｭｳｼｭｳｾｲｷｮｸ","33","1","ｇ","1","12600.00","0","0","00","00","0","0","0","0","0","0","0","0","","400058050","0","20260901","00000000","99999999","8","16","0","","","","デンプン由来吸収性局所止血材・標準型","000"
"3","T","750110053","19","デンプン由来吸収性局所止血材（織布型）","20","ﾃﾞﾝﾌﾟﾝﾕﾗｲｷｭｳｼｭｳｾｲｷｮｸ","41","3","ｃｍ２","1","48.00","0","0","00","00","0","0","0","0","0","0","0","0","","400058100","0","20260901","00000000","99999999","8","16","0","","","","デンプン由来吸収性局所止血材・織布型","000"
